1,Etna
2,Willamette Valley
3,Lake Michigan Shore
4,Navarra
5,Vittoria
6,Alsace
7,Napa Valley
8,Alexander Valley
9,Central Coast
10,Cafayate
11,Mendoza
12,Ribera del Duero
13,Virginia
14,Oregon
15,Sicilia
16,Paso Robles
17,Sonoma Coast
18,Terre Siciliane
19,Cerasuolo di Vittoria
20,Clarksburg
21,Beaujolais-Villages
22,Dry Creek Valley
23,Sonoma Valley
24,McMinnville
25,Puglia
26,Beaujolais
27,Lake County
28,Monticello
29,Brouilly
30,Monica di Sardegna
31,Bordeaux Blanc
32,North Coast
33,Columbia Valley (WA)
34,Romagna
35,Champagne
36,Santa Ynez Valley
37,Chablis
38,MÃ¢con-Milly Lamartine
39,California
40,Aglianico del Vulture
41,Howell Mountain
42,Calistoga
43,South Australia
44,Eola-Amity Hills
45,RÃ­as Baixas
46,Vin de France
47,McLaren Vale
48,Ancient Lakes
49,Knights Valley
50,Vernaccia di San Gimignano
51,Toscana
52,Sonoma County
53,JuliÃ©nas
54,RÃ©gniÃ©
55,Finger Lakes
56,Morellino di Scansano
57,Santa Clara Valley
58,Yountville
59,Barolo
60,Rockpile
61,Padthaway
62,Saint-Ã‰milion
63,Barbera d'Alba
64,Santa Lucia Highlands
65,Spring Mountain District
66,Monterey
67,Carmel Valley
68,Dominio de Valdepusa
69,Santa Cruz Mountains
70,Chianti Classico
71,Brunello di Montalcino
72,Cahors
73,Edna Valley
74,Moulin-Ã -Vent
75,Madiran
76,Russian River Valley
77,Alto Adige
78,Arroyo Seco
79,Salta
80,Anderson Valley
81,Campania
82,Rosso del Veronese
83,St.-Romain
84,Vino Nobile di Montepulciano
85,Nevada County
86,CÃ´tes du RhÃ´ne
87,Vacqueyras
88,Rueda
89,LujÃ¡n de Cuyo
90,Cayuga Lake
91,Montepulciano d'Abruzzo
92,Santa Barbara County
93,Diamond Mountain District
94,San Marino
95,Mendocino
96,Vin de Pays des CÃ´tes de Gascogne
97,Vino de la Tierra de Castilla y LeÃ³n
98,San Juan
99,Adelaide Hills
100,Sonoma Mountain
101,Amador County
102,St. Helena
103,Cole Ranch
104,Santa Maria Valley
105,Torgiano
106,Veneto
107,Colli Orientali del Friuli
108,Uco Valley
109,Monferrato
110,Dundee Hills
111,Perdriel
112,Arroyo Grande Valley
113,Montsant
114,Saint-EstÃ¨phe
115,Sagrantino di Montefalco
116,Arbois
117,Barossa Valley
118,Tupungato
119,Langhe
120,Roero
121,Barbera d'Asti Superiore Nizza
122,Mendocino County
123,CÃ´te de Nuits-Villages
124,Prosecco di Valdobbiadene
125,Prosecco di Conegliano
126,Languedoc
127,Coteaux Varois en Provence
128,Cava
129,Rutherglen
130,Barossa
131,Montrachet
132,Heathcote
133,Clos de Vougeot
134,Chassagne-Montrachet
135,Criots-BÃ¢tard-Montrachet
136,Clare Valley
137,Bianco di Custoza
138,Friuli
139,Soave
140,Collio
141,Trentino
142,Valdadige
143,Rutherford
144,Italy
145,Prosecco del Veneto
146,Prosecco di Conegliano e Valdobbiadene
147,Graves
148,Walla Walla Valley (WA)
149,New York
150,Rioja
151,North Fork of Long Island
152,Wahluke Slope
153,Templeton Gap District
154,Snipes Mountain
155,Gavi
156,Bierzo
157,Long Island
158,Muscadet SÃ¨vre et Maine
159,Franciacorta
160,Meursault
161,Niagara-On-The-Lake
162,Carneros
163,Ribbon Ridge
164,Amarone della Valpolicella
165,Chambolle-Musigny
166,Pomerol
167,Cannonau di Sardegna
168,Red Mountain
169,Isola dei Nuraghi
170,Sta. Rita Hills
171,CÃ´tes du RhÃ´ne Villages
172,Friuli Grave
173,El Dorado
174,Suisun Valley
175,CÃ´tes de Provence
176,Lodi
177,Venezia Giulia
178,Yakima Valley
179,Monterey County
180,Chiles Valley
181,Mercurey
182,Calaveras County
183,Chehalem Mountains
184,Horse Heaven Hills
185,Umpqua Valley
186,Alto Adige Valle Isarco
187,Ballard Canyon
188,Green Valley
189,Coteaux d'Aix-en-Provence
190,CÃ´tes de Provence Sainte-Victoire
191,Sierra Foothills
192,Yolo County
193,Dolcetto d'Alba
194,Bordeaux SupÃ©rieur
195,CostiÃ¨res de NÃ®mes
196,Bordeaux
197,Washington
198,Columbia Gorge (WA)
199,Oak Knoll District
200,Rogue Valley
201,Northern Sonoma
202,Soave Classico
203,Conegliano Valdobbiadene Prosecco Superiore
204,Piedmont
205,Idaho
206,Gambellara Classico
207,Yarra Valley
208,Great Southern
209,Mokelumne River
210,Los Carneros
211,Mount Veeder
212,Dogliani Superiore
213,Valencia
214,Cortona
215,Piemonte
216,Colli della Toscana Centrale
217,Livermore Valley
218,Valle de Uco
219,MÃ¢con-Villages
220,Texas
221,CÃ´te Chalonnaise
222,Chorey-lÃ¨s-Beaune
223,CalchaquÃ­ Valley
224,Coteaux Bourguignons
225,Saint-VÃ©ran
226,Barbaresco
227,South Eastern Australia
228,Temecula Valley
229,Tasmania
230,CariÃ±ena
231,Vin Santo del Chianti Classico
232,Trento
233,MÃ©doc
234,Haut-MÃ©doc
235,Fronsac
236,Margaux
237,Mornington Peninsula
238,Verdicchio dei Castelli di Jesi Classico
239,Vino de la Tierra de Castilla
240,Mendocino Ridge
241,Rosso di Montalcino
242,CÃ´tes de Gascogne
243,CÃ´tes du Lot
244,Nebbiolo d'Alba
245,Beaujolais RosÃ©
246,Marsannay
247,Gevrey-Chambertin
248,Beaune
249,Sannio
250,Priorat
251,Bolgheri Superiore
252,Minervois
253,Texas High Plains
254,Vista Flores
255,Australia
256,Shenandoah Valley (CA)
257,Blaye CÃ´tes de Bordeaux
258,Jumilla
259,Coste della Sesia
260,Yorkville Highlands
261,PenedÃ¨s
262,Greco di Tufo
263,Lugana
264,Primitivo di Manduria
265,Bardolino Classico
266,Amarone della Valpolicella Classico
267,Piave
268,Gaillac
269,Sancerre
270,Montravel
271,Quincy
272,Pouilly-FumÃ©
273,Coonawarra
274,Happy Canyon of Santa Barbara
275,Valdeorras
276,Bizkaiko Txakolina
277,Walla Walla Valley (OR)
278,Isonzo del Friuli
279,Vin de Pays d'Oc
280,Delle Venezie
281,Monbazillac
282,Patrimonio
283,Saumur-Champigny
284,Rosso di Montepulciano
285,Gers
286,CrÃ©mant de Jura
287,Vin de Liqueur
288,Seneca Lake
289,Naches Heights
290,Basilicata
291,Hudson River Region
292,Napa-Sonoma
293,CrÃ©mant de Bourgogne
294,Pouilly-FuissÃ©
295,Goulburn Valley
296,Bennett Valley
297,Paso Robles Willow Creek District
298,Montagne-Saint-Ã‰milion
299,La Mancha
300,Contra Costa County
301,Michigan
302,UclÃ©s
303,Stags Leap District
304,Valle d'Aosta
305,Fair Play
306,Menetou-Salon
307,Jerez
308,Fronton
309,Bergerac
310,Salento
311,Bordeaux RosÃ©
312,Pennsylvania
313,Les Baux de Provence
314,Southern Oregon
315,Old Mission Peninsula
316,Alto Adige Terlano
317,Dunnigan Hills
318,Bandol
319,Coombsville
320,ChÃ¢teauneuf-du-Pape
321,Nuits-St.-Georges
322,Vigneti delle Dolomiti
323,Montefalco Rosso
324,Umbria
325,Faro
326,ChÃ©nas
327,JuranÃ§on
328,Saumur
329,Alella
330,Bardolino Chiaretto
331,Murgia
332,Bolgheri Sassicaia
333,Pessac-LÃ©ognan
334,Saint-Julien
335,Pauillac
336,Oakville
337,Lalande de Pomerol
338,Delia Nivolelli
339,Cadillac CÃ´tes de Bordeaux
340,MaipÃº
341,Touraine
342,Middleburg
343,Reuilly
344,Gattinara
345,Margaret River
346,Patagonia
347,Entre-Deux-Mers
348,Applegate Valley
349,Hermitage
350,Maremma
351,San Benito County
352,Catalunya
353,Ribeiro
354,Sauternes
355,San Luis Obispo County
356,Bolgheri
357,Alicante
358,Vin de Savoie
359,Almansa
360,Castillon CÃ´tes de Bordeaux
361,MediterranÃ©e
362,Francs CÃ´tes de Bordeaux
363,Chiroubles
364,Saint-Amour
365,Ribeira Sacra
366,Leelanau Peninsula
367,Getariako Txakolina
368,Calatayud
369,Outer Coastal Plain
370,Coteaux du Languedoc
371,Sonoma-Napa
372,Langhorne Creek
373,Falerno del Massico
374,Fiano di Avellino
375,Vi de la Terra Illes Balears
376,Santa Barbara
377,CÃ´tes de Bourg
378,Barbera d'Asti Superiore
379,Saint-Georges-Saint-Ã‰milion
380,Vermentino di Sardegna
381,Bergerac Sec
382,Morgon
383,Virginia's Eastern Shore
384,Colli Trevigiani
385,Columbia Valley (OR)
386,Listrac-MÃ©doc
387,Lussac Saint-Ã‰milion
388,Barbera d'Asti
389,Tavel
390,Barbera d'Alba Superiore
391,Recioto di Soave
392,Santenay
393,Puligny-Montrachet
394,RuchÃ© di Castagnole Monferrato
395,Valtellina Superiore
396,OltrepÃ² Pavese
397,Red Hills Lake County
398,Toro
399,Moulis-en-MÃ©doc
400,Pemberton
401,RosÃ© de Loire
402,CÃ´tes de Bordeaux
403,Vin Mousseux
404,South Coast
405,Yecla
406,Lake Erie
407,Potter Valley
408,Sonoma County-Napa County
409,Givry
410,Buzet
411,Valpolicella Classico Superiore Ripasso
412,Corse
413,Muscadet CÃ´tes de Grandlieu
414,Terra degli Osci
415,Lambrusco di Modena
416,Montefalco Sagrantino
417,Lazio
418,Chalk Hill
419,Marche
420,Cerasuolo di Vittoria Classico
421,Frankland River
422,Geographe
423,Western Australia
424,Niagara Peninsula
425,Molise
426,New Jersey
427,Maury Sec
428,CÃ´tes du Roussillon Villages Caramany
429,IrroulÃ©guy
430,Redwood Valley
431,Friuli Aquileia
432,Ile de BeautÃ©
433,Cucamonga Valley
434,Pays d'Oc
435,Gard
436,Chianti
437,Chianti Montespertoli
438,Chianti Colli Senesi
439,Bordeaux Clairet
440,Fleurie
441,Anjou Villages Brissac
442,Fiddletown
443,Bonnezeaux
444,Bourgogne Hautes CÃ´tes de Nuits
445,CrÃ©mant d'Alsace
446,MÃ¢con-PÃ©ronne
447,Maranges
448,Augusta
449,Saint-Bris
450,New Mexico
451,Nevada
452,Adelaide Plains
453,Lessona
454,Vino Spumante
455,Boca
456,Rivesaltes
457,Charmes-Chambertin
458,Valpolicella Superiore
459,Valpolicella Classico Superiore
460,Alto Valle del RÃ­o Negro
461,Prosecco
462,Paicines
463,Condrieu
464,Colline Pescaresi
465,Sangiovese di Romagna Superiore
466,EmpordÃ 
467,Placer County
468,Chianti Rufina
469,Salice Salentino
470,MÃ¢con-Chardonnay
471,Ladoix
472,VirÃ©-ClessÃ©
473,Campo de Borja
474,MÃ¢con-FuissÃ©
475,Eden Valley
476,Spain
477,La Consulta
478,Napa County-Sonoma County
479,Solano County
480,Colline Novaresi
481,Adelaide
482,Agrelo
483,Veneto Orientale
484,Vin de Pays des CÃ©vennes
485,Luberon
486,Adelaida District
487,Calabria
488,Taurasi
489,Eloro
490,FaugÃ¨res
491,CrÃ©mant de Limoux
492,Valdobbiadene Prosecco Superiore
493,Irpinia
494,Picpoul de Pinet
495,CÃ´tes du Marmandais
496,Coteaux du Layon
497,Cornas
498,Chalone
499,SavenniÃ¨res
500,Ventoux
501,Taburno
502,Chinon
503,Sebino
504,Vouvray
505,Columbia Gorge (OR)
506,Trebbiano d'Abruzzo
507,CrÃ©mant de Loire
508,Terra Alta
509,Victoria
510,ValdepeÃ±as
511,Friuli Colli Orientali
512,Vin Santo del Chianti
513,Vosne-RomanÃ©e
514,Valdobbiadene Superiore di Cartizze
515,Recioto della Valpolicella Classico
516,Gavi di Gavi
517,Roero Arneis
518,Dolcetto di Dogliani
519,NeuquÃ©n
520,Moscato d'Asti
521,Saint-Nicolas-de-Bourgueil
522,Lake Chelan
523,Roussette de Savoie
524,Maremma Toscana
525,Rattlesnake Hills
526,Alta Langa
527,El Dorado County
528,Napa County
529,CÃ´tes de Nuits Villages
530,Bourgogne Hautes CÃ´tes de Beaune
531,Saint-Aubin
532,Marin County
533,Barsac
534,Conero
535,Menfi
536,Montilla-Moriles
537,RÃ­o Negro Valley
538,Pernand-Vergelesses
539,MÃ¡laga
540,Auxey-Duresses
541,Savigny-lÃ¨s-Beaune
542,MÃ¢con-Verze
543,Saint-Joseph
544,Vin de Pays Var
545,Frascati Superiore
546,Volnay
547,Fort Ross-Seaview
548,Mt. Harlan
549,Quarts de Chaume
550,Lambrusco dell'Emilia
551,Colli Aprutini
552,Montepulciano d'Abruzzo Colline Teramane
553,Valpolicella Superiore Ripasso
554,Valpolicella Ripasso
555,Cheverny
556,ForlÃ¬
557,Colli Martani
558,Cienega Valley
559,Temecula
560,Ghemme
561,Carignano del Sulcis
562,Alghero
563,Anjou
564,PÃ©charmant
565,Minervois La Liviniere
566,CorbiÃ¨res
567,Marsala
568,Grand Valley
569,Colorado
570,Okanagan Valley
571,Clarendon
572,CÃ´tes du Jura
573,Corton Les Renardes
574,Coteaux du Giennois
575,Aloxe-Corton
576,Rosso Conero
577,Falerio
578,Verdicchio dei Castelli di Jesi
579,Rosso Piceno
580,Hunter Valley
581,La Rioja
582,Central Ranges
583,Coteaux Varois
584,Val di Cornia Suvereto
585,Orvieto Classico Superiore
586,Vin de Pays du Val de Loire
587,Cochise County
588,Vino de la Tierra Altiplano de Sierra Nevada
589,Pine Mountain-Cloverdale Peak
590,Costers del Segre
591,Verdicchio dei Castelli di Jesi Classico Superiore
592,Custoza Superiore
593,Veronese
594,Val di Neto
595,Big Valley District-Lake County
596,San Antonio Valley
597,Bourgogne
598,Petit Chablis
599,Sierra Pelona Valley
600,Valpolicella
601,San Luis Obispo
602,Famatina Valley
603,BÃ¢tard-Montrachet
604,Chevalier-Montrachet
605,Atlas Peak
606,Puisseguin Saint-Ã‰milion
607,Asprinio di Aversa
608,Orvieto Classico
609,Bardolino
610,Orcia
611,Limestone Coast
612,MÃ¢con-AzÃ©
613,Pyrenees
614,Prosecco Superiore di Cartizze
615,High Valley
616,Lambrusco Grasparossa di Castelvetro
617,San Bernabe
618,Vermentino di Gallura
619,Ben Lomond Mountain
620,Argentina
621,Morey-Saint-Denis
622,Missouri
623,Southeastern New England
624,Grand River Valley
625,Sonoita
626,Corton-Charlemagne
627,Emilia
628,King Valley
629,Pommard
630,Costa Toscana
631,Albana di Romagna
632,Grands-Echezeaux
633,Moscadello di Montalcino
634,Mazis-Chambertin
635,"The Hamptons, Long Island"
636,Vin de Pays du ComtÃ© Tolosan
637,Somontano
638,Tierra del ViÃ±os de Zamora
639,Niagara Escarpment
640,Central Victoria
641,Bordeaux CÃ´tes de Francs 
642,Shenandoah Valley
643,Savoie
644,Palette
645,Var
646,Val de Loire
647,Coteaux du Languedoc Pic Saint Loup
648,Primitivo del Salento
649,Tarragona
650,Valpolicella Classico
651,Hautes CÃ´tes de Nuits
652,La Clape
653,Vin Santo di Montepulciano
654,Santa Barbara-Monterey
655,Gigondas
656,Conca de BarberÃ 
657,Beamsville Bench
658,Lessini Durello
659,Bourgueil
660,Saint-Croix-du-Mont
661,Lake Erie North Shore
662,Prosecco Treviso
663,CÃ´te de Brouilly
664,MÃ¢con-Pierreclos
665,Salina
666,Sainte-Foy Bordeaux
667,Saint-Chinian
668,Crozes-Hermitage
669,Southern Flinders Ranges
670,Napa-Carneros
671,Catalonia
672,Pouilly-Vinzelles
673,Lago di Corbara
674,Macon-BussiÃ¨res
675,Colli Euganei
676,Offida Pecorino
677,Passito di Pantelleria
678,Illinois
679,Sant'Antimo
680,Vin Santo del Chianti Rufina
681,Corse Porto Vecchio
682,CÃ´tes du Roussillon Villages Tautavel
683,CÃ´tes du Roussillon Villages
684,Aglianico del Taburno
685,Castel del Monte
686,Colli di Faenza
687,Sangiovese di Romagna
688,MÃ¢con
689,Fixin
690,Sforzato di Valtellina
691,Corton
692,LatriciÃ¨res-Chambertin
693,Premieres CÃ´tes de Blaye
694,Montagny
695,Vin de Pays des CÃ´tes Catalanes
696,Malibu-Newton Canyon
697,Vino de la Tierra Contraviesa Alpujarra
698,Mount Harlan
699,CÃ´tes du Tarn
700,Terrazze Retiche di Sondrio
701,Pla de Bages
702,CÃ´tes de Provence La Londe
703,Coteaux du Layon Chaume
704,Sonoma-Napa-Mendocino
705,Dolcetto d'Acqui
706,San Francisco Bay
707,Nagambie Lakes
708,CÃ´tes de Bergerac
709,Pacherenc du Vic Bilh
710,Chelan County
711,Riverina
712,California Other
713,Saddle Rock-Malibu
714,EchÃ©zeaux
715,La Grande Rue
716,Clos de la Roche
717,Vougeot
718,Wrattonbully
719,MÃ¢con-Vergisson
720,Lambrusco di Sorbara
721,MÃ¢con-Cruzille
722,Moon Mountain District Sonoma County
723,Collines RhÃ´daniennes
724,Loazzolo
725,Humboldt County
726,Clairette de Die MÃ©thode Dioise Ancestrale
727,JuranÃ§on Sec
728,Curtefranca
729,Monteregio di Massa Marittima
730,Napa-Sonoma-Marin
731,Maury
732,Muscat de Rivesaltes
733,Montecucco
734,Vin de Table Francais
735,Santa Clara County
736,Atlantique
737,Muscadet
738,Sierra de Salamanca
739,Chignin-Bergeron
740,Beaujolais Blanc
741,MÃ¢con La Roche Vineuse
742,CÃ´tes du Roussillon Les Aspres
743,CÃ´tes du Roussillon
744,Beaujolais-Leynes
745,CÃ´tes de Duras
746,Fitou
747,Puget Sound
748,Chambertin Clos de BÃ¨ze
749,Corton-Rognet
750,Corton Vergennes
751,Chapelle-Chambertin
752,Dogliani
753,Anjou Villages
754,Cadillac
755,Sable de Camargue
756,Pago de ArÃ­nzano
757,Beneventano
758,Monti Lessini
759,McLaren Vale-Adelaide Hills
760,Colli Piacentini
761,Martina
762,Lacryma Christi del Vesuvio
763,CÃ´tes Catalanes
764,Vin de Pays CitÃ© de Carcassonne
765,Solano County Green Valley
766,Friuli Isonzo
767,Penisola Sorrentina
768,California-Oregon
769,Clear Lake
770,Guenoc Valley
771,Terre del Volturno
772,Coteaux d'Ancenis
773,Cabernet de Saumur
774,Utiel-Requena
775,Soave Colli Scaligeri
776,Napa County-Sonoma County-San Joaquin County
777,Bourgogne Gamay
778,Terre di Franciacorta
779,Falanghina del Sannio
780,Rosso di Toscana
781,CÃ´tes de Castillon
782,Carneros-Napa Valley
783,Lenswood
784,CÃ´te de Beaune
785,RosÃ© d'Anjou
786,St. David's Bench
787,Coteaux du VendÃ´mois
788,Valpolicella Ripasso Classico
789,Chianti Colli Fiorentini
790,Swan Creek
791,Tierra de LeÃ³n
792,Mudgee
793,Orange
794,New South Wales
795,Rosso Piceno Superiore
796,Offida Passerina
797,Recioto di Soave Classico
798,Montlouis-sur-Loire
799,Vin de Pays du Lot
800,Venezie
801,Riviera Ligure di Ponente
802,Tulum Valley
803,Pompeiano
804,Epomeo
805,Roccamonfina
806,Marcillac
807,Tierra de Castilla
808,El Pomar District
809,Galluccio
810,Bourgogne Epineuil
811,Colli di Salerno
812,Tuolumne County
813,CÃ´tes-du-Ventoux
814,Tarantino
815,Santa Margarita Ranch
816,Brachetto d'Acqui
817,Saint-Mont
818,CrÃ©mant de Bordeaux
819,MÃ¢con-Lugny
820,Dolcetto di Monferrato
821,Malibu Coast
822,Rully
823,Pavia
824,Asti
825,Carmignano
826,Bullas
827,Bonnes-Mares
828,McDowell Valley
829,Rasteau
830,Cilento
831,Vin de Pays des Maures
832,Yadkin Valley
833,Costa d'Amalfi
834,Iowa
835,Premieres CÃ´tes de Bordeaux
836,Chianti Montalbano
837,Elkton Oregon
838,Bourgogne AligotÃ©
839,Saint-Romain
840,Lugana Superiore
841,Napa-Mendocino-Sonoma-Marin
842,Cesanese del Piglio
843,Muscat de Saint-Jean de Minervois
844,Banyuls
845,Friuli Venezia Giulia
846,Monterey-Santa Barbara
847,Sonoma County-Monterey County-Napa County
848,Rubicone
849,CÃ©vennes
850,Vittoria Frappato
851,Muscat de Beaumes de Venise
852,Ribera del JÃºcar
853,Sonoma-Mendocino
854,MÃ¢con-Uchizy
855,Colli di Luni
856,Soave Classico Superiore
857,Corton GrÃ¨ves
858,Barbera del Monferrato
859,Copertino
860,Alta Mesa
861,Coteaux de Verdon
862,Lirac
863,Kelsey Bench-Lake County
864,Valpolicella Valpantena Superiore
865,San Lucas
866,British Columbia
867,Manchuela
868,Biferno Rosso
869,Sonoma County-Lake County
870,France
871,Colli Perugini
872,Aleatico dell'Elba
873,CorbiÃ¨res-Boutenac
874,Vin PÃ©tillant
875,Ohio
876,Vin de Pays du Val de Cesse
877,Saussignac
878,Limoux
879,Paso Robles Highlands District
880,Madrid
881,Colli Tortonesi
882,Barco Reale di Carmignano
883,Vino de Mesa
884,Sonoma County-Monterey County
885,Pouilly-LochÃ©
886,Noto
887,Campi Flegrei
888,Bendigo
889,Vin de Pays de L'Aude
890,Terre di Chieti
891,Buenos Aires
892,Vin de Pays du Gard
893,Colline Teatine
894,Cerasuolo d'Abruzzo
895,Pomino
896,CÃ´te RÃ´tie
897,Vermont
898,Garda Classico
899,Montenetto di Brescia
900,Lombardy
901,Benaco Bresciano
902,Musigny
903,Chambertin
904,Clos Saint-Denis
905,Malvasia delle Lipari
906,CÃ´tes de Thongue
907,CÃ´tes du Frontonnais
908,Ventura County
909,Marca Trevigiana
910,Colli di Conegliano
911,Chianti Colli Aretini
912,Monterrei
913,Mendocino-Lake
914,Bramaterra
915,Monterey-Santa Cruz
916,Teroldego Rotaliano
917,North Carolina
918,Cortese di Gavi
919,York Mountain
920,Touraine Amboise
921,Colli Bolognesi
922,Lambrusco Reggiano
923,Emilia-Romagna
924,ChÃ¢teau-Chalon
925,MÃ¢con-Mancey
926,Irancy
927,Cigales
928,Assisi
929,SavenniÃ¨res-Roche-Aux-Moines
930,Jujuy
931,Montescudaio
932,Galatina
933,CirÃ²
934,Vin de Pays des Portes de MÃ©diterranÃ©e
935,Alcamo
936,Soave Superiore
937,Brulhois
938,MÃ¢con-LochÃ©
939,MÃ¢con-Vinzelles
940,Chianti Superiore
941,Rosazzo
942,Orvieto
943,Verdicchio di Matelica
944,Columbia Valley-Walla Walla Valley
945,Gutturnio Colli Piacentini
946,ValtÃ¨nesi
947,Madera
948,ArdÃ¨che
949,Barbera del Monferrato Superiore
950,MÃ¢con-Charnay
951,Sonoma
952,Mount Barker
953,Corton-Pougets
954,CÃ©rons
955,Coteaux du Layon Saint Aubin
956,Gioia del Colle
957,Kentucky
958,Prince Edward County
959,San Francisco Bay-Livermore Valley
960,Extremadura
961,Vino da Tavola
962,Southern Fleurieu
963,Clements Hills
964,Vinos de Madrid
965,Pouilly-sur-Loire
966,Custoza
967,Contea di Sclafani
968,Dolcetto di Diano d'Alba
969,Vin de Pays de la MÃ©diterranÃ©e
970,Vin de Pays de l'Ile de BeautÃ©
971,Nuragus di Cagliari
972,Blanquette de Limoux
973,Asolo Prosecco Superiore
974,Venezia
975,Sonoma County-San Joaquin County
976,Clairette de Bellegarde
977,Provincia di Pavia
978,Montepulciano d'Abruzzo Cerasuolo
979,Colline Lucchesi
980,EmporadÃ -Costa Brava
981,Fara
982,Lison-Pramaggiore
983,CÃ´tes du Luberon
984,Lambrusco Salamino di Santa Croce
985,Recioto della Valpolicella
986,Canon-Fronsac
987,Western Connecticut Highlands
988,River Junction
989,Passito di Noto
990,Vin de Pays des Alpilles
991,Grampians
992,Currency Creek
993,Cour-Cheverny
994,Muscadet SÃ¨vre et Maine Clisson
995,Amarone della Valpolicella Valpantena
996,Aude Hauterive
997,Ribera del Guadiana
998,Toledo
999,Monterey-Santa Barbara-Sonoma
1000,Valtellina
1001,Vi de la Terra Mallorca
1002,Abruzzo
1003,Columbia Valley
1004,Piccadilly Valley
1005,Lake County-Mendocino County
1006,CÃ´te de Beaune-Villages
1007,Oregon Other
1008,Meursault-Blagny
1009,Sonoma County-Monterey County-Santa Barbara County
1010,Yamhill County
1011,Mendocino-Lake County-Napa
1012,Beechworth
1013,Vin de Pays de Vaucluse
1014,Montecarlo
1015,Monterey-San Luis Obispo-Santa Barbara
1016,Contessa Entellina
1017,Moscato di Noto
1018,Diano d'Alba
1019,Vino de la Tierra del Bajo AragÃ³n
1020,Chignin
1021,Controguerra
1022,San Carlos
1023,Manzanilla-SanlÃºcar de Barrameda
1024,Valli di Porto Pino
1025,Falanghina del Beneventano
1026,Swan Hill
1027,Falerio dei Colli Ascolani
1028,Erbaluce di Caluso
1029,Mamertino
1030,MÃ¢con SolutrÃ©
1031,Civitella d'Agliano
1032,Landes
1033,MÃ¢con-DavayÃ©
1034,Pedernal Valley
1035,Breganze
1036,Tehama County
1037,Siracusa
1038,Vin de Pays du Jardin de la France
1039,Ischia
1040,Murray-Darling
1041,Saint-PÃ©ray
1042,Castilla La Mancha
1043,Muscadet Coteaux de la Loire
1044,Pays de Loire
1045,Carema
1046,Valpolicella Valpantena
1047,Ramona Valley
1048,Napa County-Lake County
1049,Prosecco di Valdobbiadene Superiore
1050,Colli Etruria Centrale
1051,Vin de Pays de l'Atlantique
1052,CÃ´tes de Forez
1053,MonthÃ©lie
1054,Clos de Lambrays
1055,Clos de Tart
1056,RomanÃ©e-St.-Vivant
1057,Arizona
1058,Short Hills Bench
1059,Vin Doux Naturel Rasteau
1060,Aglianico del Beneventano
1061,Vin de Pays de la Haute VallÃ©e du Gassac
1062,Zonda Valley
1063,Barbera di Piemonte
1064,PÃ©rigord
1065,Lanzarote
1066,ChÃ¢teaumeillant
1067,Napa
1068,Erice
1069,Tuscany
1070,Similkameen Valley
1071,Bourgogne CÃ´tes dâ€™Auxerre
1072,NardÃ²
1073,Donnici
1074,Cabardes
1075,Dolcetto di Dogliani Superiore
1076,Bergerac RosÃ©
1077,Lamezia
1078,Trentino Superiore
1079,Grave del Friuli
1080,Hautes Cotes de Beaune
1081,MÃ¢con-PrissÃ©
1082,Vino de la Tierra de CÃ¡diz
1083,Central Valley
1084,Vin Santo di Carmignano
1085,Bienvenues BÃ¢tard-Montrachet
1086,Ramandolo
1087,Vino de la Tierra de Zamora
1088,Lot
1089,Garda
1090,Napa-Monterey-Mendocino
1091,Brindisi
1092,Western Plains
1093,Vino de la Tierra de CastellÃ³
1094,Kangaroo Island
1095,Burgundy
1096,Casorzo
1097,Rosso di Cerignola
1098,Dolcetto d'Asti
1099,Sant' Agata dei Goti
1100,McLaren Vale-Langhorne Creek
1101,Mentrida
1102,Monreale
1103,Monferrato Bianco
1104,BÃ©arn
1105,Torgiano Rosso Riserva
1106,Arribes del Duero
1107,Finca Ã‰lez
1108,Moulis
1109,Lime Kiln Valley
1110,MÃ¢con ChaintrÃ©
1111,Vino da Mesa de Toledo
1112,Moscato di Pantelleria
1113,Amador-Napa
1114,Hilltops
1115,Polk County
1116,Barossa-Langhorne Creek
1117,Alpilles
1118,Currency Creek-McLaren Vale
1119,Coteaux du Lyonnais
1120,Sardinia
1121,Gippsland
1122,Strathbogie Ranges
1123,Colline Teramane
1124,Vino de la Tierra Ribera del GÃ¡llego-Cinco Villas
1125,Monterey County-Napa County-Sonoma County
1126,CÃ´te Roannaise
1127,CÃ´tes de Thau
1128,Antelope Valley of the California High Desert
1129,Moscato di Trani
1130,Napa Valley-Paso Robles
1131,Clare Valley-Coonawarra
1132,Falanghina del Molise
1133,Corton-Bressandes
1134,Medrano
1135,Lake County-Sonoma County
1136,Valpolicella Ripasso Valpantena
1137,Gaillac Doux
1138,Circeo
1139,Gundagai
1140,Vin de Pays des Coteaux de Bessilles
1141,Mount Barker & Margaret River
1142,Mazoyeres-Chambertin
1143,Altos de Mendoza
1144,Coteaux du Languedoc-PÃ©zenas
1145,CirÃ² Classico
1146,Bardolino Classico Superiore
1147,Vino de Calidad de Tierras de LeÃ³n
1148,Cabernet d'Anjou
1149,Valpolicella Ripasso Valpantena Superiore
1150,McLaren Vale-Padthaway
1151,Mendocino-Amador
1152,VallÃ©e du Paradis
1153,San Rafael
1154,Sovana
1155,Vesuvio
1156,Dolcetto d'Alba Superiore
1157,Tumbarumba
1158,Henty
1159,CÃ´tes de Saint-Mont
1160,Laudun
1161,Saint-Chinian-Roquebrun
1162,San Martino della Battaglia
1163,Geelong
1164,Corton PerriÃ¨res
1165,Alpine Valleys
1166,Chianti Colli Pisani
1167,Coteaux du Layon Beaulieu
1168,Primitivo del Tarantino
1169,Napa-Amador
1170,Napa County-Sonoma County-Lake County
1171,Vin de Pays de L'Herault
1172,Montello e Colli Asolani
1173,Nasco di Cagliari
1174,Charentais
1175,Montefalco
1176,Santa Cruz County
1177,Sonoma-Santa Barbara-Mendocino
1178,Napa-Mendocino-Sonoma
1179,Vin de Pays de France
1180,Massachusetts
1181,Canada
1182,Frascati
1183,Alta Valle della Greve
1184,Southern Highlands
1185,La RomanÃ©e
1186,Aglianico d'Irpinia
1187,Lake-Sonoma-Napa
1188,Vin de Pays de Montferrand
1189,Isle St. George
1190,Clairette de Die
1191,Clare Valley-Eden Valley
1192,Gutturnio Classico Superiore
1193,Strevi
1194,Australia-New Zealand
1195,Riverland
1196,Sardon de Duero
1197,Texoma
1198,Capay Valley
1199,Fleurieu Peninsula
1200,Caccâ€™e Mmitte di Lucera
1201,Sonoma-Napa-Monterey
1202,Collioure
1203,Saint Guilhem le DÃ©sert
1204,Catalanesca del Monte Somma
1205,Hawaii
1206,San Gimignano
1207,Bourgogne VÃ©zelay
1208,Vino de Calidad de Valtiendas
1209,Mitterberg
1210,Rivesaltes RosÃ©
1211,Offida Rosso
1212,CÃ´tes de Montravel
1213,Todi
1214,Colli del Limbara
1215,Catamarca
1216,Langhorne Creek-Limestone Coast
1217,Coda di Volpe d'Irpinia
1218,Squinzano
1219,Barossa-Adelaide Hills
1220,Monterey County-Napa County
1221,Est! Est!! Est!!! di Montefiascone
1222,Terrasses du Larzac
1223,Apremont
1224,San Diego County
1225,Sonoma-Napa-Lake
1226,Sonoma County-Santa Barbara County
1227,Del Veneto
1228,Bardolino Superiore
1229,Paestum
